{ "compressionlevel":-1,
 "editorsettings":
    {
     "export":
        {
         "format":"json",
         "target":"assetTiles.json"
        }
    },
 "height":9,
 "infinite":false,
 "layers":[
        {
         "data":[0, 0, 0, 0, 0, 0, 0, 0, 22, 22, 0, 0, 0, 0, 0, 0, 0, 1, 2, 2, 2, 2, 17, 19, 3, 0, 0, 0, 25, 26, 27, 9, 33, 34, 35, 10, 49, 51, 11, 0, 0, 0, 33, 50, 35, 9, 41, 42, 43, 20, 10, 10, 11, 25, 26, 27, 33, 22, 35, 9, 49, 50, 51, 21, 20, 10, 11, 33, 34, 35, 41, 42, 43, 0, 0, 21, 20, 10, 4, 5, 11, 41, 42, 43, 49, 50, 51, 0, 0, 10, 10, 10, 12, 13, 11, 49, 50, 51, 0, 0, 0, 0, 0, 18, 18, 18, 18, 18, 19, 0, 0, 0, 0, 0, 0, 0, 0, 50, 50, 50, 50, 50, 51, 0, 18, 18],
         "height":9,
         "id":2,
         "name":"Tile Layer 1",
         "opacity":1,
         "type":"tilelayer",
         "visible":true,
         "width":14,
         "x":0,
         "y":0
        }, 
        {
         "data":[0, 0, 0, 0, 0, 0, 0, 0, 1, 3, 0, 0, 0, 0, 0, 0, 0, 0, 25, 26, 27, 0, 0, 0, 0, 0, 0, 0, 0, 0, 0, 0, 0, 0, 0, 0, 0, 0, 0, 0, 0, 0, 0, 0, 0, 0, 0, 0, 0, 0, 0, 0, 0, 0, 0, 0, 0, 0, 0, 0, 0, 0, 0, 0, 0, 0, 0, 0, 0, 0, 0, 0, 0, 0, 0, 0, 0, 0, 0, 0, 0, 0, 0, 0, 0, 0, 0, 0, 0, 0, 0, 0, 0, 0, 0, 0, 0, 0, 0, 0, 0, 0, 0, 0, 0, 0, 0, 0, 0, 0, 0, 0, 0, 0, 0, 0, 0, 0, 0, 0, 0, 0, 0, 0, 0, 0],
         "height":9,
         "id":5,
         "name":"Tile Layer 2",
         "opacity":1,
         "type":"tilelayer",
         "visible":true,
         "width":14,
         "x":0,
         "y":0
        }, 
        {
         "data":[37, 38, 39, 40, 0, 0, 0, 0, 0, 0, 0, 45, 0, 0, 45, 46, 47, 48, 0, 0, 0, 0, 45, 0, 0, 53, 54, 55, 53, 54, 55, 56, 0, 45, 0, 0, 53, 54, 55, 0, 0, 0, 0, 0, 0, 39, 0, 53, 54, 55, 0, 0, 45, 0, 0, 0, 0, 0, 0, 47, 48, 0, 0, 0, 0, 0, 53, 54, 55, 0, 0, 0, 0, 0, 0, 0, 0, 0, 0, 0, 0, 0, 0, 0, 0, 0, 0, 0, 0, 0, 0, 0, 0, 0, 0, 0, 0, 0, 0, 0, 0, 0, 0, 0, 18, 18, 18, 18, 0, 0, 0, 0, 0, 0, 0, 0, 0, 0, 0, 0, 0, 0, 0, 0, 0, 0],
         "height":9,
         "id":4,
         "name":"Tile Layer 3",
         "opacity":1,
         "type":"tilelayer",
         "visible":true,
         "width":14,
         "x":0,
         "y":0
        }],
 "nextlayerid":6,
 "nextobjectid":1,
 "orientation":"orthogonal",
 "renderorder":"right-down",
 "tiledversion":"1.4.2",
 "tileheight":64,
 "tilesets":[
        {
         "columns":8,
         "firstgid":1,
         "image":"D:\/Documents\/Visual Studio 2017\/Projects\/Monsters\/Monsters\/Resources\/assetTiles.png",
         "imageheight":512,
         "imagewidth":512,
         "margin":0,
         "name":"tileset",
         "spacing":0,
         "tilecount":64,
         "tileheight":64,
         "tiles":[
                {
                 "id":9,
                 "properties":[
                        {
                         "name":"slope",
                         "type":"bool",
                         "value":true
                        }]
                }],
         "tilewidth":64
        }],
 "tilewidth":64,
 "type":"map",
 "version":1.4,
 "width":14
}