{ "compressionlevel":-1,
 "editorsettings":
    {
     "export":
        {
         "format":"json",
         "target":"magetiles1.json"
        }
    },
 "height":10,
 "infinite":false,
 "layers":[
        {
         "data":[9, 10, 0, 0, 0, 0, 0, 0, 0, 0, 0, 0, 0, 0, 0, 0, 0, 0, 0, 0, 9, 10, 0, 0, 0, 0, 0, 0, 0, 0, 0, 0, 0, 0, 0, 0, 0, 0, 0, 0, 9, 10, 0, 0, 0, 0, 0, 0, 0, 0, 0, 0, 0, 0, 0, 0, 0, 0, 0, 0, 9, 10, 0, 0, 0, 0, 0, 0, 0, 0, 0, 0, 0, 0, 0, 0, 0, 0, 0, 0, 0, 10, 0, 11, 12, 13, 0, 0, 0, 0, 0, 0, 0, 30, 0, 0, 0, 0, 31, 0, 0, 10, 18, 0, 0, 0, 22, 0, 0, 0, 0, 0, 0, 0, 0, 0, 0, 0, 39, 0, 0, 10, 0, 27, 28, 29, 0, 0, 0, 0, 0, 0, 0, 0, 0, 0, 0, 0, 47, 0, 0, 10, 0, 0, 0, 0, 0, 0, 0, 0, 0, 0, 0, 7, 0, 0, 0, 54, 55, 0, 0, 25, 12, 12, 12, 13, 0, 0, 11, 12, 12, 12, 26, 12, 25, 11, 13, 62, 63, 0, 0, 0, 0, 0, 0, 0, 22, 18, 0, 0, 0, 0, 0, 0, 0, 0, 0, 0, 0, 50],
         "height":10,
         "id":4,
         "name":"BehindLayer",
         "opacity":1,
         "type":"tilelayer",
         "visible":true,
         "width":20,
         "x":0,
         "y":0
        }, 
        {
         "data":[0, 0, 0, 0, 0, 0, 0, 0, 0, 0, 0, 0, 0, 0, 0, 0, 0, 0, 0, 0, 0, 0, 0, 0, 0, 0, 0, 0, 0, 0, 0, 0, 0, 0, 0, 0, 0, 0, 0, 0, 0, 0, 0, 0, 0, 0, 0, 0, 0, 0, 0, 0, 0, 0, 0, 0, 0, 0, 0, 0, 0, 0, 0, 0, 0, 0, 0, 0, 0, 0, 0, 0, 0, 0, 0, 0, 0, 0, 0, 0, 9, 0, 0, 0, 0, 0, 0, 0, 0, 0, 0, 0, 0, 0, 0, 0, 0, 0, 0, 0, 9, 0, 0, 19, 20, 21, 0, 0, 0, 0, 0, 0, 0, 0, 0, 0, 0, 0, 0, 0, 9, 0, 0, 0, 0, 0, 0, 0, 0, 0, 0, 0, 0, 0, 0, 0, 0, 0, 0, 0, 9, 0, 0, 0, 0, 0, 0, 0, 0, 0, 0, 0, 0, 0, 0, 0, 0, 0, 0, 0, 9, 0, 0, 0, 0, 0, 0, 0, 0, 0, 0, 0, 0, 20, 0, 0, 0, 0, 0, 0, 9, 20, 20, 20, 20, 20, 0, 0, 20, 20, 20, 20, 20, 20, 20, 20, 20, 20, 20, 20],
         "height":10,
         "id":3,
         "name":"CollideLayer",
         "opacity":1,
         "type":"tilelayer",
         "visible":true,
         "width":20,
         "x":0,
         "y":0
        }, 
        {
         "data":[0, 0, 0, 0, 0, 0, 0, 0, 0, 0, 0, 0, 0, 0, 0, 0, 0, 0, 0, 0, 0, 0, 0, 0, 0, 0, 0, 0, 0, 0, 0, 0, 0, 0, 0, 0, 0, 0, 0, 0, 0, 0, 0, 0, 0, 0, 0, 0, 0, 0, 0, 0, 0, 0, 0, 0, 0, 0, 0, 0, 0, 0, 0, 0, 0, 0, 0, 0, 0, 0, 0, 0, 0, 0, 0, 0, 0, 0, 0, 24, 0, 0, 0, 0, 0, 0, 0, 0, 0, 0, 0, 0, 0, 0, 0, 0, 0, 0, 0, 32, 0, 0, 0, 0, 0, 0, 0, 0, 0, 0, 0, 0, 0, 0, 0, 0, 0, 0, 0, 40, 0, 0, 0, 0, 0, 0, 0, 0, 0, 0, 0, 0, 0, 0, 0, 0, 0, 0, 0, 48, 0, 0, 0, 0, 0, 0, 0, 0, 0, 0, 0, 0, 0, 0, 0, 0, 0, 0, 0, 56, 36, 0, 0, 35, 0, 0, 0, 0, 0, 38, 0, 35, 0, 0, 0, 0, 0, 0, 0, 64, 44, 45, 0, 43, 2147483685, 0, 0, 0, 37, 46, 0, 43, 0, 0, 0, 0, 0, 0, 0, 0],
         "height":10,
         "id":9,
         "name":"ForegroundLayer",
         "opacity":1,
         "type":"tilelayer",
         "visible":true,
         "width":20,
         "x":0,
         "y":0
        }, 
        {
         "draworder":"topdown",
         "id":7,
         "name":"Crates",
         "objects":[
                {
                 "height":160,
                 "id":7,
                 "name":"crate",
                 "rotation":0,
                 "type":"",
                 "visible":true,
                 "width":160,
                 "x":800,
                 "y":720
                }],
         "opacity":1,
         "type":"objectgroup",
         "visible":true,
         "x":0,
         "y":0
        }],
 "nextlayerid":11,
 "nextobjectid":12,
 "orientation":"orthogonal",
 "renderorder":"right-down",
 "tiledversion":"1.4.2",
 "tileheight":80,
 "tilesets":[
        {
         "columns":8,
         "firstgid":1,
         "image":"magetiles.png",
         "imageheight":640,
         "imagewidth":640,
         "margin":0,
         "name":"magetiles",
         "spacing":0,
         "tilecount":64,
         "tileheight":80,
         "tilewidth":80
        }],
 "tilewidth":80,
 "type":"map",
 "version":1.4,
 "width":20
}