{ "compressionlevel":-1,
 "editorsettings":
    {
     "export":
        {
         "format":"json",
         "target":"Ludum Dare\/ludum-dare-47\/public\/magetiles2.json"
        }
    },
 "height":15,
 "infinite":false,
 "layers":[
        {
         "data":[0, 10, 0, 0, 0, 0, 0, 0, 0, 0, 0, 0, 0, 0, 0, 0, 0, 0, 0, 0, 0, 0, 0, 0, 0, 1, 0, 0, 0, 0, 0, 10, 0, 0, 0, 0, 0, 0, 0, 0, 0, 0, 0, 0, 0, 0, 0, 0, 0, 7, 0, 0, 0, 0, 0, 0, 3221225497, 0, 0, 0, 0, 10, 0, 0, 0, 0, 0, 0, 0, 0, 0, 0, 0, 0, 0, 0, 0, 0, 18, 0, 22, 0, 0, 0, 0, 0, 0, 3221225497, 0, 0, 0, 10, 0, 0, 7, 0, 0, 0, 0, 0, 0, 0, 0, 11, 12, 13, 0, 0, 18, 0, 22, 0, 0, 0, 0, 0, 0, 1, 0, 0, 0, 10, 0, 1, 11, 10, 0, 0, 0, 0, 0, 0, 26, 0, 0, 0, 10, 11, 26, 0, 22, 0, 0, 0, 0, 0, 0, 0, 3221225497, 0, 0, 10, 0, 1, 0, 10, 0, 0, 0, 0, 0, 18, 0, 0, 0, 0, 18, 0, 0, 22, 22, 0, 0, 0, 0, 7, 0, 0, 1, 0, 0, 10, 0, 1, 0, 25, 13, 18, 0, 22, 0, 0, 3221225497, 0, 0, 0, 10, 27, 3221225497, 0, 22, 0, 0, 7, 18, 0, 22, 0, 1, 0, 0, 10, 0, 1, 0, 0, 0, 10, 0, 0, 0, 0, 18, 0, 0, 0, 25, 0, 18, 0, 22, 0, 18, 0, 22, 1, 22, 0, 0, 27, 0, 10, 0, 0, 27, 28, 28, 0, 11, 13, 0, 0, 18, 0, 0, 0, 22, 22, 18, 0, 0, 22, 0, 27, 18, 0, 22, 0, 31, 0, 0, 10, 0, 0, 0, 0, 0, 18, 0, 0, 22, 0, 18, 0, 0, 0, 10, 0, 18, 0, 2684354585, 0, 7, 0, 18, 0, 22, 0, 39, 0, 0, 10, 0, 18, 0, 0, 22, 0, 27, 29, 0, 0, 26, 0, 0, 0, 10, 0, 0, 2684354582, 0, 18, 0, 22, 18, 0, 22, 0, 47, 0, 0, 10, 0, 0, 0, 0, 0, 0, 0, 7, 0, 18, 0, 0, 0, 0, 25, 0, 0, 0, 0, 0, 23, 0, 26, 0, 22, 54, 55, 0, 0, 25, 12, 12, 13, 0, 0, 11, 26, 0, 25, 13, 1610612762, 0, 0, 0, 0, 22, 0, 0, 11, 12, 13, 18, 0, 0, 25, 62, 63, 0, 0, 0, 0, 0, 0, 22, 18, 0, 0, 0, 0, 0, 0, 0, 0, 0, 3221225498, 0, 0, 26, 0, 0, 0, 22, 1610612762, 18, 0, 0, 0, 0, 0, 0, 0, 0, 0, 22, 18, 0, 0, 0, 0, 0, 0, 0, 0, 0, 10, 0, 18, 18, 0, 0, 0, 22, 0, 1610612762, 0, 0, 0, 0],
         "height":15,
         "id":2,
         "name":"BehindLayer",
         "opacity":1,
         "type":"tilelayer",
         "visible":true,
         "width":30,
         "x":0,
         "y":0
        }, 
        {
         "data":[4, 0, 0, 50, 0, 18, 19, 20, 21, 20, 21, 22, 0, 0, 0, 0, 0, 0, 0, 0, 0, 0, 0, 0, 0, 0, 2, 2, 2, 2, 9, 0, 0, 50, 0, 0, 27, 28, 28, 28, 29, 0, 0, 0, 0, 0, 0, 0, 0, 0, 0, 0, 0, 0, 0, 0, 0, 2, 2, 2, 2, 0, 0, 50, 0, 0, 0, 0, 0, 0, 0, 0, 0, 0, 0, 0, 0, 0, 0, 20, 0, 0, 0, 0, 0, 0, 0, 0, 2, 2, 9, 0, 0, 50, 0, 0, 0, 0, 0, 0, 0, 0, 0, 0, 0, 0, 0, 0, 0, 4, 0, 0, 0, 0, 0, 0, 0, 0, 2, 2, 4, 0, 0, 0, 19, 0, 0, 0, 0, 0, 0, 0, 0, 4, 4, 4, 0, 0, 0, 4, 0, 0, 0, 0, 0, 0, 0, 0, 0, 2, 9, 0, 0, 0, 2, 0, 0, 0, 0, 0, 0, 0, 20, 4, 4, 4, 0, 20, 15, 4, 0, 0, 0, 0, 0, 0, 0, 0, 0, 2, 9, 0, 0, 0, 2, 0, 0, 0, 20, 0, 0, 0, 0, 2, 2, 2, 0, 0, 0, 2, 0, 0, 0, 0, 0, 15, 0, 0, 0, 2, 9, 0, 0, 0, 2, 19, 21, 0, 0, 0, 0, 0, 0, 2, 2, 2, 0, 0, 0, 2, 0, 0, 0, 19, 0, 2, 0, 0, 0, 42, 9, 0, 0, 0, 0, 0, 0, 0, 0, 0, 0, 0, 0, 2, 2, 2, 20, 0, 0, 2, 20, 0, 0, 0, 0, 2, 0, 0, 0, 42, 2, 0, 0, 0, 0, 0, 0, 0, 20, 20, 0, 0, 0, 2, 2, 2, 0, 0, 0, 2, 0, 0, 0, 0, 0, 2, 0, 0, 0, 2, 9, 0, 0, 0, 20, 21, 0, 0, 0, 0, 0, 0, 0, 2, 2, 2, 0, 0, 0, 0, 0, 0, 21, 0, 0, 2, 0, 0, 0, 2, 2, 0, 0, 0, 0, 0, 0, 0, 0, 0, 0, 0, 19, 4, 2, 2, 0, 0, 0, 0, 0, 0, 0, 0, 0, 2, 0, 0, 0, 0, 9, 0, 0, 0, 0, 0, 0, 0, 0, 15, 0, 0, 0, 2, 2, 2, 21, 0, 0, 0, 0, 0, 0, 0, 20, 2, 0, 0, 0, 0, 2, 19, 19, 20, 21, 0, 0, 19, 20, 4, 19, 20, 21, 2, 2, 2, 0, 0, 0, 0, 20, 19, 21, 0, 0, 2, 19, 19, 20, 21, 4, 4, 2, 4, 4, 0, 0, 4, 4, 4, 4, 4, 4, 4, 4, 4, 0, 0, 0, 19, 2, 4, 9, 0, 0, 0, 4, 4, 4, 4],
         "height":15,
         "id":1,
         "name":"CollideLayer",
         "opacity":1,
         "type":"tilelayer",
         "visible":true,
         "width":30,
         "x":0,
         "y":0
        }, 
        {
         "data":[0, 0, 0, 0, 0, 0, 0, 0, 0, 0, 0, 0, 0, 0, 0, 0, 0, 0, 0, 38, 0, 0, 0, 0, 0, 0, 0, 0, 0, 0, 0, 0, 0, 0, 0, 0, 0, 3221225517, 3221225516, 3221225509, 0, 0, 0, 0, 0, 0, 0, 0, 0, 46, 0, 0, 0, 0, 0, 0, 1073741861, 0, 0, 0, 0, 0, 0, 0, 0, 0, 0, 0, 3221225508, 0, 0, 0, 0, 0, 0, 0, 0, 0, 0, 0, 0, 0, 0, 0, 0, 0, 1610612774, 1610612782, 0, 0, 0, 0, 0, 0, 0, 0, 0, 0, 0, 0, 0, 0, 0, 0, 0, 0, 0, 0, 0, 0, 0, 0, 0, 0, 0, 0, 0, 0, 0, 0, 0, 0, 0, 0, 0, 0, 0, 0, 0, 0, 0, 0, 0, 0, 0, 0, 0, 0, 0, 0, 0, 0, 0, 0, 0, 0, 0, 0, 0, 0, 0, 0, 0, 1610612772, 0, 0, 0, 0, 0, 0, 0, 0, 0, 0, 0, 0, 2684354597, 0, 0, 0, 0, 0, 0, 0, 0, 0, 0, 0, 0, 0, 0, 0, 0, 0, 0, 2147483685, 0, 0, 0, 0, 0, 0, 3221225518, 0, 0, 0, 0, 0, 0, 0, 2147483683, 0, 0, 0, 0, 0, 0, 0, 0, 0, 0, 0, 0, 0, 0, 0, 0, 0, 0, 0, 0, 0, 3221225510, 0, 0, 0, 0, 0, 0, 0, 2147483691, 0, 0, 0, 1610612773, 0, 0, 0, 0, 24, 0, 0, 0, 0, 3221225515, 0, 1073741861, 0, 0, 0, 0, 0, 0, 0, 0, 0, 0, 0, 0, 0, 0, 0, 0, 0, 0, 0, 0, 0, 0, 32, 0, 0, 0, 0, 3221225507, 0, 0, 0, 0, 0, 0, 0, 0, 0, 0, 0, 1073741868, 1073741869, 0, 0, 0, 0, 0, 0, 0, 0, 0, 0, 0, 40, 0, 0, 0, 0, 0, 0, 0, 0, 0, 0, 0, 0, 0, 0, 0, 0, 1073741860, 0, 0, 0, 0, 0, 0, 0, 0, 0, 0, 0, 0, 48, 0, 36, 0, 0, 0, 0, 0, 0, 0, 0, 0, 0, 0, 0, 0, 0, 0, 0, 0, 0, 0, 0, 2684354605, 0, 0, 0, 0, 0, 0, 56, 0, 44, 45, 0, 0, 0, 0, 0, 0, 0, 0, 0, 37, 0, 0, 0, 0, 0, 0, 0, 0, 0, 0, 0, 0, 0, 0, 0, 0, 64, 2, 0, 0, 0, 0, 0, 0, 0, 0, 0, 0, 0, 0, 0, 0, 0, 0, 0, 0, 2147483685, 0, 0, 0, 0, 536870949, 0, 0, 0, 0, 0, 0, 0, 0, 0, 0, 3758096421, 0, 0, 0, 0, 0, 0, 0, 0, 0, 0, 0, 0, 0, 0, 0, 0, 0, 0, 0, 0, 0, 0, 0, 0],
         "height":15,
         "id":3,
         "name":"ForegroundLayer",
         "opacity":1,
         "type":"tilelayer",
         "visible":true,
         "width":30,
         "x":0,
         "y":0
        }, 
        {
         "draworder":"topdown",
         "id":5,
         "name":"Crates",
         "objects":[
                {
                 "height":160,
                 "id":3,
                 "name":"crate",
                 "rotation":0,
                 "type":"",
                 "visible":true,
                 "width":160,
                 "x":480,
                 "y":880
                }, 
                {
                 "height":160,
                 "id":5,
                 "name":"crate",
                 "rotation":0,
                 "type":"",
                 "visible":true,
                 "width":160,
                 "x":640,
                 "y":320
                }, 
                {
                 "height":160,
                 "id":6,
                 "name":"crate",
                 "rotation":0,
                 "type":"",
                 "visible":true,
                 "width":160,
                 "x":880,
                 "y":240
                }, 
                {
                 "height":160,
                 "id":7,
                 "name":"crate",
                 "rotation":0,
                 "type":"",
                 "visible":true,
                 "width":160,
                 "x":1760,
                 "y":400
                }, 
                {
                 "height":160,
                 "id":8,
                 "name":"crate",
                 "rotation":0,
                 "type":"",
                 "visible":true,
                 "width":160,
                 "x":1280,
                 "y":240
                }],
         "opacity":1,
         "type":"objectgroup",
         "visible":false,
         "x":0,
         "y":0
        }],
 "nextlayerid":7,
 "nextobjectid":10,
 "orientation":"orthogonal",
 "renderorder":"right-down",
 "tiledversion":"1.4.2",
 "tileheight":80,
 "tilesets":[
        {
         "columns":8,
         "firstgid":1,
         "image":"magetiles.png",
         "imageheight":640,
         "imagewidth":640,
         "margin":0,
         "name":"magetiles",
         "spacing":0,
         "tilecount":64,
         "tileheight":80,
         "tilewidth":80
        }],
 "tilewidth":80,
 "type":"map",
 "version":1.4,
 "width":30
}